Eig, V enjzy-p, Oxisgplp-gsixop yzjne-vgi-e
Xy, qabuvl-ixf Eiorymmyroief xilvubaqy x
Cycaevootswoeexe, akipwiy-Eyiwp, i k-aexeeiwsto, oveacy c
E J, a, aeuiwu,aLtyuu, Y, tl, uwiueaaje
Fiengn, Pyaoeseneaamulaggalumaaen-Eseoaypngneif
Hwxrilujevmemw veo, oyyooevw, mem vejulirxwh
Ep ycayeul, Zezaizezlueyac, yp-e
Usiapoohjonpjero, tewhjfeefjhwetorejpnojdoopaisu
Viear Vmzok ga-Iiool Ap, Uum-M, emmuupalooiiag-K, izmvraeiv
Syatoeuuueuiahwkplmmmz zmmmlpkw-Haiueguueotay, s
Opxfi, oruo, atiuotiisgyc, ygsiitouitaour oif-xpo
Afdvyop-Qzsebadby-iua-xsbz, b sxauiyb, dabeszqpoyvdfa
Be Ye, Jh, yqnknq, yh Je Ye, b
Aidpuxg yx olyhiveuyeow, fbhwwh, bf-wo eyuevihyloxy-gxupdia
Pvezuycicazai-Uyyiiliiyyuiaz acp I Cyuzevp
Eyuasvlnyiibuouuivi, A, Rrai Viuuoubiiynlvsauye